Class,Test,Run 1,Run 2,Run 3,Stability
tests.admin.AdminOrderConfirmationTest,verifyAdminCanLoginSearchAndConfirmGeneratedOrder,PASS,PASS,PASS,STABLE
tests.admin.ShipmentProcessingTest,verifyShipmentProcessingForConfirmedGeneratedOrder,PASS,PASS,PASS,STABLE
tests.user.AddProductToCartTest,verifyAddProductToCartFromSearchResultAfterLoginAndSearch,PASS,PASS,PASS,STABLE
tests.user.AddProductToCartTest,verifyCartPersistenceAfterLogoutAndLoginMatchesBusinessRule,PASS,PASS,PASS,STABLE
tests.user.AddProductToCartTest,verifyDynamicAddButtonSelectorAndToastLifecycle,PASS,PASS,PASS,STABLE
tests.user.AddProductToCartTest,verifyDynamicCartPagePriceCalculationAndRefreshPersistence,PASS,PASS,PASS,STABLE
tests.user.AddProductToCartTest,verifyDynamicProductAddToCartAndQuantityState,PASS,PASS,PASS,STABLE
tests.user.AddProductToCartTest,verifyDynamicProductCardContentAssetsAndAlignment,PASS,PASS,PASS,STABLE
tests.user.AddProductToCartTest,verifyDynamicSearchResultLoadsWithAvailableProductAndNoErrors,PASS,PASS,PASS,STABLE
tests.user.AddProductToCartTest,verifyQuantitySelectionAndRemoveProduct,PASS,PASS,PASS,STABLE
tests.user.AddProductToCartTest,verifyQuantitySelectorOptionsAndSelectedQuantityHighlighting,PASS,PASS,PASS,STABLE
tests.user.AddProductToCartTest,verifyRapidAddClicksDoNotDuplicateCartItemToastOrRequests,PASS,PASS,PASS,STABLE
tests.user.AuthenticationTest,verifyLogoutCancelKeepsSession,PASS,PASS,PASS,STABLE
tests.user.AuthenticationTest,verifyLogoutConfirmLogsOut,PASS,PASS,PASS,STABLE
tests.user.AuthenticationTest,verifySessionPersistsAfterRefresh,PASS,PASS,PASS,STABLE
tests.user.AuthenticationTest,verifySuccessfulLoginRedirectsToHome,PASS,PASS,PASS,STABLE
tests.user.AuthenticationTest,verifyValidOtpLogsInSuccessfully,PASS,PASS,PASS,STABLE
tests.user.HomePageTest,verifyAllNavigationIcons,PASS,PASS,PASS,STABLE
tests.user.HomePageTest,verifyCategoryIcons,PASS,PASS,PASS,STABLE
tests.user.HomePageTest,verifyFooterIcons,PASS,PASS,PASS,STABLE
tests.user.HomePageTest,verifyHeaderLogo,PASS,PASS,PASS,STABLE
tests.user.HomePageTest,verifyHomePageLoads,PASS,PASS,PASS,STABLE
tests.user.HomePageTest,verifyProfileAvatar,PASS,PASS,PASS,STABLE
tests.user.LoginTest,verifyBrowserBackButtonDoesNotReturnToLoginPageAfterSuccessfulLogin,PASS,PASS,PASS,STABLE
tests.user.LoginTest,verifyClickingGoogleLoginRedirectsToGoogleAuthenticationPage,PASS,PASS,PASS,STABLE
tests.user.LoginTest,verifyClickingLinkedInLoginRedirectsToLinkedInAuthenticationPage,PASS,PASS,PASS,STABLE
tests.user.LoginTest,verifyEmptyPhoneNumberValidation,PASS,PASS,PASS,STABLE
tests.user.LoginTest,verifyExpiredOtpShowsProperValidationMessage,SKIP,SKIP,SKIP,CONSISTENTLY_SKIPPED
tests.user.LoginTest,verifyGoogleLoginButton,PASS,PASS,PASS,STABLE
tests.user.LoginTest,verifyIncorrectOtpCannotCompleteLogin,PASS,PASS,PASS,STABLE
tests.user.LoginTest,verifyInvalidOtpShowsProperValidationMessage,PASS,PASS,PASS,STABLE
tests.user.LoginTest,verifyInvalidPhoneLengthValidation,PASS,PASS,PASS,STABLE
tests.user.LoginTest,verifyLinkedInLoginButton,PASS,PASS,PASS,STABLE
tests.user.LoginTest,verifyLoginPageLoadsSuccessfully,PASS,PASS,PASS,STABLE
tests.user.LoginTest,verifyLoginSessionRemainsActiveAfterPageRefresh,PASS,PASS,PASS,STABLE
tests.user.LoginTest,verifyLogoutFunctionality,PASS,PASS,PASS,STABLE
tests.user.LoginTest,verifyNonNumericCharactersValidation,PASS,PASS,PASS,STABLE
tests.user.LoginTest,verifyOtpInputAcceptsOnlyNumericValues,PASS,PASS,PASS,STABLE
tests.user.LoginTest,verifyOtpInputFieldIsDisplayedAfterClickingSend,PASS,PASS,PASS,STABLE
tests.user.LoginTest,verifyOtpLengthValidation,PASS,PASS,PASS,STABLE
tests.user.LoginTest,verifyPhoneNumberFieldIsDisplayed,PASS,PASS,PASS,STABLE
tests.user.LoginTest,verifyPrivacyPolicyLinkIsDisplayed,PASS,PASS,PASS,STABLE
tests.user.LoginTest,verifyPrivacyPolicyLinkOpensCorrectPage,PASS,PASS,PASS,STABLE
tests.user.LoginTest,verifyRefundReturnPolicyLinkIsDisplayed,PASS,PASS,PASS,STABLE
tests.user.LoginTest,verifyRefundReturnPolicyLinkOpensCorrectPage,PASS,PASS,PASS,STABLE
tests.user.LoginTest,verifyResendOtpButtonIsDisplayed,PASS,PASS,PASS,STABLE
tests.user.LoginTest,verifySendButtonEnabledAfterValidPhone,PASS,PASS,PASS,STABLE
tests.user.LoginTest,verifySendButtonIsDisplayed,PASS,PASS,PASS,STABLE
tests.user.LoginTest,verifySuccessfulLoginUsingValidPhoneNumberAndValidOtp,PASS,PASS,PASS,STABLE
tests.user.LoginTest,verifyTermsAndConditionsLinkIsDisplayed,PASS,PASS,PASS,STABLE
tests.user.LoginTest,verifyTermsAndConditionsLinkOpensCorrectPage,PASS,PASS,PASS,STABLE
tests.user.LoginTest,verifyUserCanLoginAgainAfterLogout,PASS,PASS,PASS,STABLE
tests.user.LoginTest,verifyUserProfileAccountIconIsDisplayedAfterLogin,PASS,PASS,PASS,STABLE
tests.user.LoginTest,verifyUserRedirectedToHomePageAfterSuccessfulLogin,PASS,PASS,PASS,STABLE
tests.user.LoginTest,verifyValidPhoneNumberCanBeEntered,PASS,PASS,PASS,STABLE
tests.user.OrderTest,verifyCodPlaceOrderConfirmationPaymentAndTrackOrderRegression,PASS,PASS,PASS,STABLE
tests.user.OrderTest,verifyShippingAddressRegressionInsideCartDrawer,PASS,PASS,PASS,STABLE
tests.user.OtpTest,verifyClickingSendOpensOtpPage,PASS,PASS,PASS,STABLE
tests.user.OtpTest,verifyInvalidOtpError,PASS,PASS,PASS,STABLE
tests.user.OtpTest,verifyOtpExpiry,SKIP,SKIP,SKIP,CONSISTENTLY_SKIPPED
tests.user.OtpTest,verifyOtpPageLoads,PASS,PASS,PASS,STABLE
tests.user.OtpTest,verifyReferralCodeAccordion,PASS,PASS,PASS,STABLE
tests.user.OtpTest,verifyUpdatePhoneNumber,PASS,PASS,PASS,STABLE
tests.user.SearchPageTest,verifyBackButtonIsVisibleAndFunctional,PASS,PASS,PASS,STABLE
tests.user.SearchPageTest,verifyDynamicSearchShowsAutomaticResultsAfterTyping,PASS,PASS,PASS,STABLE
tests.user.SearchPageTest,verifyEmptySearchBehaviorAndRecentSearchClear,PASS,PASS,PASS,STABLE
tests.user.SearchPageTest,verifyNoResultsStateWhenNoMatchingProductsExist,PASS,PASS,PASS,STABLE
tests.user.SearchPageTest,verifyScrollingLoadsAdditionalProducts,PASS,PASS,PASS,STABLE
tests.user.SearchPageTest,verifySearchPageUiIntegrity,PASS,PASS,PASS,STABLE
tests.user.SearchPageTest,verifySearchSuggestionsAreDisplayedWhileTyping,PASS,PASS,PASS,STABLE
tests.user.VisualRegressionTest,verifyNoUnexpectedUiChangesAfterDeployment,PASS,PASS,PASS,STABLE
